[{"id":1,"il_id":"1","ilce":"ALADAĞ"},{"id":2,"il_id":"1","ilce":"CEYHAN"},{"id":3,"il_id":"1","ilce":"ÇUKUROVA"},{"id":4,"il_id":"1","ilce":"FEKE"},{"id":5,"il_id":"1","ilce":"İMAMOĞLU"},{"id":6,"il_id":"1","ilce":"KARAİSALI"},{"id":7,"il_id":"1","ilce":"KARATAŞ"},{"id":8,"il_id":"1","ilce":"KOZAN"},{"id":9,"il_id":"1","ilce":"POZANTI"},{"id":10,"il_id":"1","ilce":"SAİMBEYLİ"},{"id":11,"il_id":"1","ilce":"SARIÇAM"},{"id":12,"il_id":"1","ilce":"SEYHAN"},{"id":13,"il_id":"1","ilce":"TUFANBEYLİ"},{"id":14,"il_id":"1","ilce":"YUMURTALIK"},{"id":15,"il_id":"1","ilce":"YÜREĞİR"},{"id":16,"il_id":"2","ilce":"BESNİ"},{"id":17,"il_id":"2","ilce":"ÇELİKHAN"},{"id":18,"il_id":"2","ilce":"GERGER"},{"id":19,"il_id":"2","ilce":"GÖLBAŞI"},{"id":20,"il_id":"2","ilce":"KAHTA"},{"id":21,"il_id":"2","ilce":"MERKEZ"},{"id":22,"il_id":"2","ilce":"SAMSAT"},{"id":23,"il_id":"2","ilce":"SİNCİK"},{"id":24,"il_id":"2","ilce":"TUT"},{"id":25,"il_id":"3","ilce":"BAŞMAKÇI"},{"id":26,"il_id":"3","ilce":"BAYAT"},{"id":27,"il_id":"3","ilce":"BOLVADİN"},{"id":28,"il_id":"3","ilce":"ÇAY"},{"id":29,"il_id":"3","ilce":"ÇOBANLAR"},{"id":30,"il_id":"3","ilce":"DAZKIRI"},{"id":31,"il_id":"3","ilce":"DİNAR"},{"id":32,"il_id":"3","ilce":"EMİRDAĞ"},{"id":33,"il_id":"3","ilce":"EVCİLER"},{"id":34,"il_id":"3","ilce":"HOCALAR"},{"id":35,"il_id":"3","ilce":"İHSANİYE"},{"id":36,"il_id":"3","ilce":"İSCEHİSAR"},{"id":37,"il_id":"3","ilce":"KIZILÖREN"},{"id":38,"il_id":"3","ilce":"MERKEZ"},{"id":39,"il_id":"3","ilce":"SANDIKLI"},{"id":40,"il_id":"3","ilce":"SİNANPAŞA"},{"id":41,"il_id":"3","ilce":"SULTANDAĞI"},{"id":42,"il_id":"3","ilce":"ŞUHUT"},{"id":43,"il_id":"4","ilce":"DİYADİN"},{"id":44,"il_id":"4","ilce":"DOĞUBAYAZIT"},{"id":45,"il_id":"4","ilce":"ELEŞKİRT"},{"id":46,"il_id":"4","ilce":"HAMUR"},{"id":47,"il_id":"4","ilce":"MERKEZ"},{"id":48,"il_id":"4","ilce":"PATNOS"},{"id":49,"il_id":"4","ilce":"TAŞLIÇAY"},{"id":50,"il_id":"4","ilce":"TUTAK"},{"id":51,"il_id":"5","ilce":"GÖYNÜCEK"},{"id":52,"il_id":"5","ilce":"GÜMÜŞHACIKÖY"},{"id":53,"il_id":"5","ilce":"HAMAMÖZÜ"},{"id":54,"il_id":"5","ilce":"MERKEZ"},{"id":55,"il_id":"5","ilce":"MERZİFON"},{"id":56,"il_id":"5","ilce":"SULUOVA"},{"id":57,"il_id":"5","ilce":"TAŞOVA"},{"id":58,"il_id":"6","ilce":"AKYURT"},{"id":59,"il_id":"6","ilce":"ALTINDAĞ"},{"id":60,"il_id":"6","ilce":"AYAŞ"},{"id":61,"il_id":"6","ilce":"BALA"},{"id":62,"il_id":"6","ilce":"BEYPAZARI"},{"id":63,"il_id":"6","ilce":"ÇAMLIDERE"},{"id":64,"il_id":"6","ilce":"ÇANKAYA"},{"id":65,"il_id":"6","ilce":"ÇUBUK"},{"id":66,"il_id":"6","ilce":"ELMADAĞ"},{"id":67,"il_id":"6","ilce":"ETİMESGUT"},{"id":68,"il_id":"6","ilce":"EVREN"},{"id":69,"il_id":"6","ilce":"GÖLBAŞI"},{"id":70,"il_id":"6","ilce":"GÜDÜL"},{"id":71,"il_id":"6","ilce":"HAYMANA"},{"id":72,"il_id":"6","ilce":"KAHRAMANKAZAN"},{"id":73,"il_id":"6","ilce":"KALECİK"},{"id":74,"il_id":"6","ilce":"KEÇİÖREN"},{"id":75,"il_id":"6","ilce":"KIZILCAHAMAM"},{"id":76,"il_id":"6","ilce":"MAMAK"},{"id":77,"il_id":"6","ilce":"NALLIHAN"},{"id":78,"il_id":"6","ilce":"POLATLI"},{"id":79,"il_id":"6","ilce":"PURSAKLAR"},{"id":80,"il_id":"6","ilce":"SİNCAN"},{"id":81,"il_id":"6","ilce":"ŞEREFLİKOÇHİSAR"},{"id":82,"il_id":"6","ilce":"YENİMAHALLE"},{"id":83,"il_id":"7","ilce":"AKSEKİ"},{"id":84,"il_id":"7","ilce":"AKSU"},{"id":85,"il_id":"7","ilce":"ALANYA"},{"id":86,"il_id":"7","ilce":"DEMRE"},{"id":87,"il_id":"7","ilce":"DÖŞEMEALTI"},{"id":88,"il_id":"7","ilce":"ELMALI"},{"id":89,"il_id":"7","ilce":"FİNİKE"},{"id":90,"il_id":"7","ilce":"GAZİPAŞA"},{"id":91,"il_id":"7","ilce":"GÜNDOĞMUŞ"},{"id":92,"il_id":"7","ilce":"İBRADI"},{"id":93,"il_id":"7","ilce":"KAŞ"},{"id":94,"il_id":"7","ilce":"KEMER"},{"id":95,"il_id":"7","ilce":"KEPEZ"},{"id":96,"il_id":"7","ilce":"KONYAALTI"},{"id":97,"il_id":"7","ilce":"KORKUTELİ"},{"id":98,"il_id":"7","ilce":"KUMLUCA"},{"id":99,"il_id":"7","ilce":"MANAVGAT"},{"id":100,"il_id":"7","ilce":"MURATPAŞA"},{"id":101,"il_id":"7","ilce":"SERİK"},{"id":102,"il_id":"8","ilce":"ARDANUÇ"},{"id":103,"il_id":"8","ilce":"ARHAVİ"},{"id":104,"il_id":"8","ilce":"BORÇKA"},{"id":105,"il_id":"8","ilce":"HOPA"},{"id":106,"il_id":"8","ilce":"KEMALPAŞA"},{"id":107,"il_id":"8","ilce":"MERKEZ"},{"id":108,"il_id":"8","ilce":"MURGUL"},{"id":109,"il_id":"8","ilce":"ŞAVŞAT"},{"id":110,"il_id":"8","ilce":"YUSUFELİ"},{"id":111,"il_id":"9","ilce":"BOZDOĞAN"},{"id":112,"il_id":"9","ilce":"BUHARKENT"},{"id":113,"il_id":"9","ilce":"ÇİNE"},{"id":114,"il_id":"9","ilce":"DİDİM"},{"id":115,"il_id":"9","ilce":"EFELER"},{"id":116,"il_id":"9","ilce":"GERMENCİK"},{"id":117,"il_id":"9","ilce":"İNCİRLİOVA"},{"id":118,"il_id":"9","ilce":"KARACASU"},{"id":119,"il_id":"9","ilce":"KARPUZLU"},{"id":120,"il_id":"9","ilce":"KOÇARLI"},{"id":121,"il_id":"9","ilce":"KÖŞK"},{"id":122,"il_id":"9","ilce":"KUŞADASI"},{"id":123,"il_id":"9","ilce":"KUYUCAK"},{"id":124,"il_id":"9","ilce":"NAZİLLİ"},{"id":125,"il_id":"9","ilce":"SÖKE"},{"id":126,"il_id":"9","ilce":"SULTANHİSAR"},{"id":127,"il_id":"9","ilce":"YENİPAZAR"},{"id":128,"il_id":"10","ilce":"ALTIEYLÜL"},{"id":129,"il_id":"10","ilce":"AYVALIK"},{"id":130,"il_id":"10","ilce":"BALYA"},{"id":131,"il_id":"10","ilce":"BANDIRMA"},{"id":132,"il_id":"10","ilce":"BİGADİÇ"},{"id":133,"il_id":"10","ilce":"BURHANİYE"},{"id":134,"il_id":"10","ilce":"DURSUNBEY"},{"id":135,"il_id":"10","ilce":"EDREMİT"},{"id":136,"il_id":"10","ilce":"ERDEK"},{"id":137,"il_id":"10","ilce":"GÖMEÇ"},{"id":138,"il_id":"10","ilce":"GÖNEN"},{"id":139,"il_id":"10","ilce":"HAVRAN"},{"id":140,"il_id":"10","ilce":"İVRİNDİ"},{"id":141,"il_id":"10","ilce":"KARESİ"},{"id":142,"il_id":"10","ilce":"KEPSUT"},{"id":143,"il_id":"10","ilce":"MANYAS"},{"id":144,"il_id":"10","ilce":"MARMARA"},{"id":145,"il_id":"10","ilce":"SAVAŞTEPE"},{"id":146,"il_id":"10","ilce":"SINDIRGI"},{"id":147,"il_id":"10","ilce":"SUSURLUK"},{"id":148,"il_id":"11","ilce":"BOZÜYÜK"},{"id":149,"il_id":"11","ilce":"GÖLPAZARI"},{"id":150,"il_id":"11","ilce":"İNHİSAR"},{"id":151,"il_id":"11","ilce":"MERKEZ"},{"id":152,"il_id":"11","ilce":"OSMANELİ"},{"id":153,"il_id":"11","ilce":"PAZARYERİ"},{"id":154,"il_id":"11","ilce":"SÖĞÜT"},{"id":155,"il_id":"11","ilce":"YENİPAZAR"},{"id":156,"il_id":"12","ilce":"ADAKLI"},{"id":157,"il_id":"12","ilce":"GENÇ"},{"id":158,"il_id":"12","ilce":"KARLIOVA"},{"id":159,"il_id":"12","ilce":"KİĞI"},{"id":160,"il_id":"12","ilce":"MERKEZ"},{"id":161,"il_id":"12","ilce":"SOLHAN"},{"id":162,"il_id":"12","ilce":"YAYLADERE"},{"id":163,"il_id":"12","ilce":"YEDİSU"},{"id":164,"il_id":"13","ilce":"ADİLCEVAZ"},{"id":165,"il_id":"13","ilce":"AHLAT"},{"id":166,"il_id":"13","ilce":"GÜROYMAK"},{"id":167,"il_id":"13","ilce":"HİZAN"},{"id":168,"il_id":"13","ilce":"MERKEZ"},{"id":169,"il_id":"13","ilce":"MUTKİ"},{"id":170,"il_id":"13","ilce":"TATVAN"},{"id":171,"il_id":"14","ilce":"DÖRTDİVAN"},{"id":172,"il_id":"14","ilce":"GEREDE"},{"id":173,"il_id":"14","ilce":"GÖYNÜK"},{"id":174,"il_id":"14","ilce":"KIBRISCIK"},{"id":175,"il_id":"14","ilce":"MENGEN"},{"id":176,"il_id":"14","ilce":"MERKEZ"},{"id":177,"il_id":"14","ilce":"MUDURNU"},{"id":178,"il_id":"14","ilce":"SEBEN"},{"id":179,"il_id":"14","ilce":"YENİÇAĞA"},{"id":180,"il_id":"15","ilce":"AĞLASUN"},{"id":181,"il_id":"15","ilce":"ALTINYAYLA"},{"id":182,"il_id":"15","ilce":"BUCAK"},{"id":183,"il_id":"15","ilce":"ÇAVDIR"},{"id":184,"il_id":"15","ilce":"ÇELTİKÇİ"},{"id":185,"il_id":"15","ilce":"GÖLHİSAR"},{"id":186,"il_id":"15","ilce":"KARAMANLI"},{"id":187,"il_id":"15","ilce":"KEMER"},{"id":188,"il_id":"15","ilce":"MERKEZ"},{"id":189,"il_id":"15","ilce":"TEFENNİ"},{"id":190,"il_id":"15","ilce":"YEŞİLOVA"},{"id":191,"il_id":"16","ilce":"BÜYÜKORHAN"},{"id":192,"il_id":"16","ilce":"GEMLİK"},{"id":193,"il_id":"16","ilce":"GÜRSU"},{"id":194,"il_id":"16","ilce":"HARMANCIK"},{"id":195,"il_id":"16","ilce":"İNEGÖL"},{"id":196,"il_id":"16","ilce":"İZNİK"},{"id":197,"il_id":"16","ilce":"KARACABEY"},{"id":198,"il_id":"16","ilce":"KELES"},{"id":199,"il_id":"16","ilce":"KESTEL"},{"id":200,"il_id":"16","ilce":"MUDANYA"},{"id":201,"il_id":"16","ilce":"MUSTAFAKEMALPAŞA"},{"id":202,"il_id":"16","ilce":"NİLÜFER"},{"id":203,"il_id":"16","ilce":"ORHANELİ"},{"id":204,"il_id":"16","ilce":"ORHANGAZİ"},{"id":205,"il_id":"16","ilce":"OSMANGAZİ"},{"id":206,"il_id":"16","ilce":"YENİŞEHİR"},{"id":207,"il_id":"16","ilce":"YILDIRIM"},{"id":208,"il_id":"17","ilce":"AYVACIK"},{"id":209,"il_id":"17","ilce":"BAYRAMİÇ"},{"id":210,"il_id":"17","ilce":"BİGA"},{"id":211,"il_id":"17","ilce":"BOZCAADA"},{"id":212,"il_id":"17","ilce":"ÇAN"},{"id":213,"il_id":"17","ilce":"ECEABAT"},{"id":214,"il_id":"17","ilce":"EZİNE"},{"id":215,"il_id":"17","ilce":"GELİBOLU"},{"id":216,"il_id":"17","ilce":"GÖKÇEADA"},{"id":217,"il_id":"17","ilce":"LAPSEKİ"},{"id":218,"il_id":"17","ilce":"MERKEZ"},{"id":219,"il_id":"17","ilce":"YENİCE"},{"id":220,"il_id":"18","ilce":"ATKARACALAR"},{"id":221,"il_id":"18","ilce":"BAYRAMÖREN"},{"id":222,"il_id":"18","ilce":"ÇERKEŞ"},{"id":223,"il_id":"18","ilce":"ELDİVAN"},{"id":224,"il_id":"18","ilce":"ILGAZ"},{"id":225,"il_id":"18","ilce":"KIZILIRMAK"},{"id":226,"il_id":"18","ilce":"KORGUN"},{"id":227,"il_id":"18","ilce":"KURŞUNLU"},{"id":228,"il_id":"18","ilce":"MERKEZ"},{"id":229,"il_id":"18","ilce":"ORTA"},{"id":230,"il_id":"18","ilce":"ŞABANÖZÜ"},{"id":231,"il_id":"18","ilce":"YAPRAKLI"},{"id":232,"il_id":"19","ilce":"ALACA"},{"id":233,"il_id":"19","ilce":"BAYAT"},{"id":234,"il_id":"19","ilce":"BOĞAZKALE"},{"id":235,"il_id":"19","ilce":"DODURGA"},{"id":236,"il_id":"19","ilce":"İSKİLİP"},{"id":237,"il_id":"19","ilce":"KARGI"},{"id":238,"il_id":"19","ilce":"LAÇİN"},{"id":239,"il_id":"19","ilce":"MECİTÖZÜ"},{"id":240,"il_id":"19","ilce":"MERKEZ"},{"id":241,"il_id":"19","ilce":"OĞUZLAR"},{"id":242,"il_id":"19","ilce":"ORTAKÖY"},{"id":243,"il_id":"19","ilce":"OSMANCIK"},{"id":244,"il_id":"19","ilce":"SUNGURLU"},{"id":245,"il_id":"19","ilce":"UĞURLUDAĞ"},{"id":246,"il_id":"20","ilce":"ACIPAYAM"},{"id":247,"il_id":"20","ilce":"BABADAĞ"},{"id":248,"il_id":"20","ilce":"BAKLAN"},{"id":249,"il_id":"20","ilce":"BEKİLLİ"},{"id":250,"il_id":"20","ilce":"BEYAĞAÇ"},{"id":251,"il_id":"20","ilce":"BOZKURT"},{"id":252,"il_id":"20","ilce":"BULDAN"},{"id":253,"il_id":"20","ilce":"ÇAL"},{"id":254,"il_id":"20","ilce":"ÇAMELİ"},{"id":255,"il_id":"20","ilce":"ÇARDAK"},{"id":256,"il_id":"20","ilce":"ÇİVRİL"},{"id":257,"il_id":"20","ilce":"GÜNEY"},{"id":258,"il_id":"20","ilce":"HONAZ"},{"id":259,"il_id":"20","ilce":"KALE"},{"id":260,"il_id":"20","ilce":"MERKEZEFENDİ"},{"id":261,"il_id":"20","ilce":"PAMUKKALE"},{"id":262,"il_id":"20","ilce":"SARAYKÖY"},{"id":263,"il_id":"20","ilce":"SERİNHİSAR"},{"id":264,"il_id":"20","ilce":"TAVAS"},{"id":265,"il_id":"21","ilce":"BAĞLAR"},{"id":266,"il_id":"21","ilce":"BİSMİL"},{"id":267,"il_id":"21","ilce":"ÇERMİK"},{"id":268,"il_id":"21","ilce":"ÇINAR"},{"id":269,"il_id":"21","ilce":"ÇÜNGÜŞ"},{"id":270,"il_id":"21","ilce":"DİCLE"},{"id":271,"il_id":"21","ilce":"EĞİL"},{"id":272,"il_id":"21","ilce":"ERGANİ"},{"id":273,"il_id":"21","ilce":"HANİ"},{"id":274,"il_id":"21","ilce":"HAZRO"},{"id":275,"il_id":"21","ilce":"KAYAPINAR"},{"id":276,"il_id":"21","ilce":"KOCAKÖY"},{"id":277,"il_id":"21","ilce":"KULP"},{"id":278,"il_id":"21","ilce":"LİCE"},{"id":279,"il_id":"21","ilce":"SİLVAN"},{"id":280,"il_id":"21","ilce":"SUR"},{"id":281,"il_id":"21","ilce":"YENİŞEHİR"},{"id":282,"il_id":"22","ilce":"ENEZ"},{"id":283,"il_id":"22","ilce":"HAVSA"},{"id":284,"il_id":"22","ilce":"İPSALA"},{"id":285,"il_id":"22","ilce":"KEŞAN"},{"id":286,"il_id":"22","ilce":"LALAPAŞA"},{"id":287,"il_id":"22","ilce":"MERİÇ"},{"id":288,"il_id":"22","ilce":"MERKEZ"},{"id":289,"il_id":"22","ilce":"SÜLOĞLU"},{"id":290,"il_id":"22","ilce":"UZUNKÖPRÜ"},{"id":291,"il_id":"23","ilce":"AĞIN"},{"id":292,"il_id":"23","ilce":"ALACAKAYA"},{"id":293,"il_id":"23","ilce":"ARICAK"},{"id":294,"il_id":"23","ilce":"BASKİL"},{"id":295,"il_id":"23","ilce":"KARAKOÇAN"},{"id":296,"il_id":"23","ilce":"KEBAN"},{"id":297,"il_id":"23","ilce":"KOVANCILAR"},{"id":298,"il_id":"23","ilce":"MADEN"},{"id":299,"il_id":"23","ilce":"MERKEZ"},{"id":300,"il_id":"23","ilce":"PALU"},{"id":301,"il_id":"23","ilce":"SİVRİCE"},{"id":302,"il_id":"24","ilce":"ÇAYIRLI"},{"id":303,"il_id":"24","ilce":"İLİÇ"},{"id":304,"il_id":"24","ilce":"KEMAH"},{"id":305,"il_id":"24","ilce":"KEMALİYE"},{"id":306,"il_id":"24","ilce":"MERKEZ"},{"id":307,"il_id":"24","ilce":"OTLUKBELİ"},{"id":308,"il_id":"24","ilce":"REFAHİYE"},{"id":309,"il_id":"24","ilce":"TERCAN"},{"id":310,"il_id":"24","ilce":"ÜZÜMLÜ"},{"id":311,"il_id":"25","ilce":"AŞKALE"},{"id":312,"il_id":"25","ilce":"AZİZİYE"},{"id":313,"il_id":"25","ilce":"ÇAT"},{"id":314,"il_id":"25","ilce":"HINIS"},{"id":315,"il_id":"25","ilce":"HORASAN"},{"id":316,"il_id":"25","ilce":"İSPİR"},{"id":317,"il_id":"25","ilce":"KARAÇOBAN"},{"id":318,"il_id":"25","ilce":"KARAYAZI"},{"id":319,"il_id":"25","ilce":"KÖPRÜKÖY"},{"id":320,"il_id":"25","ilce":"NARMAN"},{"id":321,"il_id":"25","ilce":"OLTU"},{"id":322,"il_id":"25","ilce":"OLUR"},{"id":323,"il_id":"25","ilce":"PALANDÖKEN"},{"id":324,"il_id":"25","ilce":"PASİNLER"},{"id":325,"il_id":"25","ilce":"PAZARYOLU"},{"id":326,"il_id":"25","ilce":"ŞENKAYA"},{"id":327,"il_id":"25","ilce":"TEKMAN"},{"id":328,"il_id":"25","ilce":"TORTUM"},{"id":329,"il_id":"25","ilce":"UZUNDERE"},{"id":330,"il_id":"25","ilce":"YAKUTİYE"},{"id":331,"il_id":"26","ilce":"ALPU"},{"id":332,"il_id":"26","ilce":"BEYLİKOVA"},{"id":333,"il_id":"26","ilce":"ÇİFTELER"},{"id":334,"il_id":"26","ilce":"GÜNYÜZÜ"},{"id":335,"il_id":"26","ilce":"HAN"},{"id":336,"il_id":"26","ilce":"İNÖNÜ"},{"id":337,"il_id":"26","ilce":"MAHMUDİYE"},{"id":338,"il_id":"26","ilce":"MİHALGAZİ"},{"id":339,"il_id":"26","ilce":"MİHALIÇÇIK"},{"id":340,"il_id":"26","ilce":"ODUNPAZARI"},{"id":341,"il_id":"26","ilce":"SARICAKAYA"},{"id":342,"il_id":"26","ilce":"SEYİTGAZİ"},{"id":343,"il_id":"26","ilce":"SİVRİHİSAR"},{"id":344,"il_id":"26","ilce":"TEPEBAŞI"},{"id":345,"il_id":"27","ilce":"ARABAN"},{"id":346,"il_id":"27","ilce":"İSLAHİYE"},{"id":347,"il_id":"27","ilce":"KARKAMIŞ"},{"id":348,"il_id":"27","ilce":"NİZİP"},{"id":349,"il_id":"27","ilce":"NURDAĞI"},{"id":350,"il_id":"27","ilce":"OĞUZELİ"},{"id":351,"il_id":"27","ilce":"ŞAHİNBEY"},{"id":352,"il_id":"27","ilce":"ŞEHİTKAMİL"},{"id":353,"il_id":"27","ilce":"YAVUZELİ"},{"id":354,"il_id":"28","ilce":"ALUCRA"},{"id":355,"il_id":"28","ilce":"BULANCAK"},{"id":356,"il_id":"28","ilce":"ÇAMOLUK"},{"id":357,"il_id":"28","ilce":"ÇANAKÇI"},{"id":358,"il_id":"28","ilce":"DERELİ"},{"id":359,"il_id":"28","ilce":"DOĞANKENT"},{"id":360,"il_id":"28","ilce":"ESPİYE"},{"id":361,"il_id":"28","ilce":"EYNESİL"},{"id":362,"il_id":"28","ilce":"GÖRELE"},{"id":363,"il_id":"28","ilce":"GÜCE"},{"id":364,"il_id":"28","ilce":"KEŞAP"},{"id":365,"il_id":"28","ilce":"MERKEZ"},{"id":366,"il_id":"28","ilce":"PİRAZİZ"},{"id":367,"il_id":"28","ilce":"ŞEBİNKARAHİSAR"},{"id":368,"il_id":"28","ilce":"TİREBOLU"},{"id":369,"il_id":"28","ilce":"YAĞLIDERE"},{"id":370,"il_id":"29","ilce":"KELKİT"},{"id":371,"il_id":"29","ilce":"KÖSE"},{"id":372,"il_id":"29","ilce":"KÜRTÜN"},{"id":373,"il_id":"29","ilce":"MERKEZ"},{"id":374,"il_id":"29","ilce":"ŞİRAN"},{"id":375,"il_id":"29","ilce":"TORUL"},{"id":376,"il_id":"30","ilce":"ÇUKURCA"},{"id":377,"il_id":"30","ilce":"DERECİK"},{"id":378,"il_id":"30","ilce":"MERKEZ"},{"id":379,"il_id":"30","ilce":"ŞEMDİNLİ"},{"id":380,"il_id":"30","ilce":"YÜKSEKOVA"},{"id":381,"il_id":"31","ilce":"ALTINÖZÜ"},{"id":382,"il_id":"31","ilce":"ANTAKYA"},{"id":383,"il_id":"31","ilce":"ARSUZ"},{"id":384,"il_id":"31","ilce":"BELEN"},{"id":385,"il_id":"31","ilce":"DEFNE"},{"id":386,"il_id":"31","ilce":"DÖRTYOL"},{"id":387,"il_id":"31","ilce":"ERZİN"},{"id":388,"il_id":"31","ilce":"HASSA"},{"id":389,"il_id":"31","ilce":"İSKENDERUN"},{"id":390,"il_id":"31","ilce":"KIRIKHAN"},{"id":391,"il_id":"31","ilce":"KUMLU"},{"id":392,"il_id":"31","ilce":"PAYAS"},{"id":393,"il_id":"31","ilce":"REYHANLI"},{"id":394,"il_id":"31","ilce":"SAMANDAĞ"},{"id":395,"il_id":"31","ilce":"YAYLADAĞI"},{"id":396,"il_id":"32","ilce":"AKSU"},{"id":397,"il_id":"32","ilce":"ATABEY"},{"id":398,"il_id":"32","ilce":"EĞİRDİR"},{"id":399,"il_id":"32","ilce":"GELENDOST"},{"id":400,"il_id":"32","ilce":"GÖNEN"},{"id":401,"il_id":"32","ilce":"KEÇİBORLU"},{"id":402,"il_id":"32","ilce":"MERKEZ"},{"id":403,"il_id":"32","ilce":"SENİRKENT"},{"id":404,"il_id":"32","ilce":"SÜTÇÜLER"},{"id":405,"il_id":"32","ilce":"ŞARKİKARAAĞAÇ"},{"id":406,"il_id":"32","ilce":"ULUBORLU"},{"id":407,"il_id":"32","ilce":"YALVAÇ"},{"id":408,"il_id":"32","ilce":"YENİŞARBADEMLİ"},{"id":409,"il_id":"33","ilce":"AKDENİZ"},{"id":410,"il_id":"33","ilce":"ANAMUR"},{"id":411,"il_id":"33","ilce":"AYDINCIK"},{"id":412,"il_id":"33","ilce":"BOZYAZI"},{"id":413,"il_id":"33","ilce":"ÇAMLIYAYLA"},{"id":414,"il_id":"33","ilce":"ERDEMLİ"},{"id":415,"il_id":"33","ilce":"GÜLNAR"},{"id":416,"il_id":"33","ilce":"MEZİTLİ"},{"id":417,"il_id":"33","ilce":"MUT"},{"id":418,"il_id":"33","ilce":"SİLİFKE"},{"id":419,"il_id":"33","ilce":"TARSUS"},{"id":420,"il_id":"33","ilce":"TOROSLAR"},{"id":421,"il_id":"33","ilce":"YENİŞEHİR"},{"id":422,"il_id":"34","ilce":"ADALAR"},{"id":423,"il_id":"34","ilce":"ARNAVUTKÖY"},{"id":424,"il_id":"34","ilce":"ATAŞEHİR"},{"id":425,"il_id":"34","ilce":"AVCILAR"},{"id":426,"il_id":"34","ilce":"BAĞCILAR"},{"id":427,"il_id":"34","ilce":"BAHÇELİEVLER"},{"id":428,"il_id":"34","ilce":"BAKIRKÖY"},{"id":429,"il_id":"34","ilce":"BAŞAKŞEHİR"},{"id":430,"il_id":"34","ilce":"BAYRAMPAŞA"},{"id":431,"il_id":"34","ilce":"BEŞİKTAŞ"},{"id":432,"il_id":"34","ilce":"BEYKOZ"},{"id":433,"il_id":"34","ilce":"BEYLİKDÜZÜ"},{"id":434,"il_id":"34","ilce":"BEYOĞLU"},{"id":435,"il_id":"34","ilce":"BÜYÜKÇEKMECE"},{"id":436,"il_id":"34","ilce":"ÇATALCA"},{"id":437,"il_id":"34","ilce":"ÇEKMEKÖY"},{"id":438,"il_id":"34","ilce":"ESENLER"},{"id":439,"il_id":"34","ilce":"ESENYURT"},{"id":440,"il_id":"34","ilce":"EYÜPSULTAN"},{"id":441,"il_id":"34","ilce":"FATİH"},{"id":442,"il_id":"34","ilce":"GAZİOSMANPAŞA"},{"id":443,"il_id":"34","ilce":"GÜNGÖREN"},{"id":444,"il_id":"34","ilce":"KADIKÖY"},{"id":445,"il_id":"34","ilce":"KAĞITHANE"},{"id":446,"il_id":"34","ilce":"KARTAL"},{"id":447,"il_id":"34","ilce":"KÜÇÜKÇEKMECE"},{"id":448,"il_id":"34","ilce":"MALTEPE"},{"id":449,"il_id":"34","ilce":"PENDİK"},{"id":450,"il_id":"34","ilce":"SANCAKTEPE"},{"id":451,"il_id":"34","ilce":"SARIYER"},{"id":452,"il_id":"34","ilce":"SİLİVRİ"},{"id":453,"il_id":"34","ilce":"SULTANBEYLİ"},{"id":454,"il_id":"34","ilce":"SULTANGAZİ"},{"id":455,"il_id":"34","ilce":"ŞİLE"},{"id":456,"il_id":"34","ilce":"ŞİŞLİ"},{"id":457,"il_id":"34","ilce":"TUZLA"},{"id":458,"il_id":"34","ilce":"ÜMRANİYE"},{"id":459,"il_id":"34","ilce":"ÜSKÜDAR"},{"id":460,"il_id":"34","ilce":"ZEYTİNBURNU"},{"id":461,"il_id":"35","ilce":"ALİAĞA"},{"id":462,"il_id":"35","ilce":"BALÇOVA"},{"id":463,"il_id":"35","ilce":"BAYINDIR"},{"id":464,"il_id":"35","ilce":"BAYRAKLI"},{"id":465,"il_id":"35","ilce":"BERGAMA"},{"id":466,"il_id":"35","ilce":"BEYDAĞ"},{"id":467,"il_id":"35","ilce":"BORNOVA"},{"id":468,"il_id":"35","ilce":"BUCA"},{"id":469,"il_id":"35","ilce":"ÇEŞME"},{"id":470,"il_id":"35","ilce":"ÇİĞLİ"},{"id":471,"il_id":"35","ilce":"DİKİLİ"},{"id":472,"il_id":"35","ilce":"FOÇA"},{"id":473,"il_id":"35","ilce":"GAZİEMİR"},{"id":474,"il_id":"35","ilce":"GÜZELBAHÇE"},{"id":475,"il_id":"35","ilce":"KARABAĞLAR"},{"id":476,"il_id":"35","ilce":"KARABURUN"},{"id":477,"il_id":"35","ilce":"KARŞIYAKA"},{"id":478,"il_id":"35","ilce":"KEMALPAŞA"},{"id":479,"il_id":"35","ilce":"KINIK"},{"id":480,"il_id":"35","ilce":"KİRAZ"},{"id":481,"il_id":"35","ilce":"KONAK"},{"id":482,"il_id":"35","ilce":"MENDERES"},{"id":483,"il_id":"35","ilce":"MENEMEN"},{"id":484,"il_id":"35","ilce":"NARLIDERE"},{"id":485,"il_id":"35","ilce":"ÖDEMİŞ"},{"id":486,"il_id":"35","ilce":"SEFERİHİSAR"},{"id":487,"il_id":"35","ilce":"SELÇUK"},{"id":488,"il_id":"35","ilce":"TİRE"},{"id":489,"il_id":"35","ilce":"TORBALI"},{"id":490,"il_id":"35","ilce":"URLA"},{"id":491,"il_id":"36","ilce":"AKYAKA"},{"id":492,"il_id":"36","ilce":"ARPAÇAY"},{"id":493,"il_id":"36","ilce":"DİGOR"},{"id":494,"il_id":"36","ilce":"KAĞIZMAN"},{"id":495,"il_id":"36","ilce":"MERKEZ"},{"id":496,"il_id":"36","ilce":"SARIKAMIŞ"},{"id":497,"il_id":"36","ilce":"SELİM"},{"id":498,"il_id":"36","ilce":"SUSUZ"},{"id":499,"il_id":"37","ilce":"ABANA"},{"id":500,"il_id":"37","ilce":"AĞLI"},{"id":501,"il_id":"37","ilce":"ARAÇ"},{"id":502,"il_id":"37","ilce":"AZDAVAY"},{"id":503,"il_id":"37","ilce":"BOZKURT"},{"id":504,"il_id":"37","ilce":"CİDE"},{"id":505,"il_id":"37","ilce":"ÇATALZEYTİN"},{"id":506,"il_id":"37","ilce":"DADAY"},{"id":507,"il_id":"37","ilce":"DEVREKANİ"},{"id":508,"il_id":"37","ilce":"DOĞANYURT"},{"id":509,"il_id":"37","ilce":"HANÖNÜ"},{"id":510,"il_id":"37","ilce":"İHSANGAZİ"},{"id":511,"il_id":"37","ilce":"İNEBOLU"},{"id":512,"il_id":"37","ilce":"KÜRE"},{"id":513,"il_id":"37","ilce":"MERKEZ"},{"id":514,"il_id":"37","ilce":"PINARBAŞI"},{"id":515,"il_id":"37","ilce":"SEYDİLER"},{"id":516,"il_id":"37","ilce":"ŞENPAZAR"},{"id":517,"il_id":"37","ilce":"TAŞKÖPRÜ"},{"id":518,"il_id":"37","ilce":"TOSYA"},{"id":519,"il_id":"38","ilce":"AKKIŞLA"},{"id":520,"il_id":"38","ilce":"BÜNYAN"},{"id":521,"il_id":"38","ilce":"DEVELİ"},{"id":522,"il_id":"38","ilce":"FELAHİYE"},{"id":523,"il_id":"38","ilce":"HACILAR"},{"id":524,"il_id":"38","ilce":"İNCESU"},{"id":525,"il_id":"38","ilce":"KOCASİNAN"},{"id":526,"il_id":"38","ilce":"MELİKGAZİ"},{"id":527,"il_id":"38","ilce":"ÖZVATAN"},{"id":528,"il_id":"38","ilce":"PINARBAŞI"},{"id":529,"il_id":"38","ilce":"SARIOĞLAN"},{"id":530,"il_id":"38","ilce":"SARIZ"},{"id":531,"il_id":"38","ilce":"TALAS"},{"id":532,"il_id":"38","ilce":"TOMARZA"},{"id":533,"il_id":"38","ilce":"YAHYALI"},{"id":534,"il_id":"38","ilce":"YEŞİLHİSAR"},{"id":535,"il_id":"39","ilce":"BABAESKİ"},{"id":536,"il_id":"39","ilce":"DEMİRKÖY"},{"id":537,"il_id":"39","ilce":"KOFÇAZ"},{"id":538,"il_id":"39","ilce":"LÜLEBURGAZ"},{"id":539,"il_id":"39","ilce":"MERKEZ"},{"id":540,"il_id":"39","ilce":"PEHLİVANKÖY"},{"id":541,"il_id":"39","ilce":"PINARHİSAR"},{"id":542,"il_id":"39","ilce":"VİZE"},{"id":543,"il_id":"40","ilce":"AKÇAKENT"},{"id":544,"il_id":"40","ilce":"AKPINAR"},{"id":545,"il_id":"40","ilce":"BOZTEPE"},{"id":546,"il_id":"40","ilce":"ÇİÇEKDAĞI"},{"id":547,"il_id":"40","ilce":"KAMAN"},{"id":548,"il_id":"40","ilce":"MERKEZ"},{"id":549,"il_id":"40","ilce":"MUCUR"},{"id":550,"il_id":"41","ilce":"BAŞİSKELE"},{"id":551,"il_id":"41","ilce":"ÇAYIROVA"},{"id":552,"il_id":"41","ilce":"DARICA"},{"id":553,"il_id":"41","ilce":"DERİNCE"},{"id":554,"il_id":"41","ilce":"DİLOVASI"},{"id":555,"il_id":"41","ilce":"GEBZE"},{"id":556,"il_id":"41","ilce":"GÖLCÜK"},{"id":557,"il_id":"41","ilce":"İZMİT"},{"id":558,"il_id":"41","ilce":"KANDIRA"},{"id":559,"il_id":"41","ilce":"KARAMÜRSEL"},{"id":560,"il_id":"41","ilce":"KARTEPE"},{"id":561,"il_id":"41","ilce":"KÖRFEZ"},{"id":562,"il_id":"42","ilce":"AHIRLI"},{"id":563,"il_id":"42","ilce":"AKÖREN"},{"id":564,"il_id":"42","ilce":"AKŞEHİR"},{"id":565,"il_id":"42","ilce":"ALTINEKİN"},{"id":566,"il_id":"42","ilce":"BEYŞEHİR"},{"id":567,"il_id":"42","ilce":"BOZKIR"},{"id":568,"il_id":"42","ilce":"CİHANBEYLİ"},{"id":569,"il_id":"42","ilce":"ÇELTİK"},{"id":570,"il_id":"42","ilce":"ÇUMRA"},{"id":571,"il_id":"42","ilce":"DERBENT"},{"id":572,"il_id":"42","ilce":"DEREBUCAK"},{"id":573,"il_id":"42","ilce":"DOĞANHİSAR"},{"id":574,"il_id":"42","ilce":"EMİRGAZİ"},{"id":575,"il_id":"42","ilce":"EREĞLİ"},{"id":576,"il_id":"42","ilce":"GÜNEYSINIR"},{"id":577,"il_id":"42","ilce":"HADİM"},{"id":578,"il_id":"42","ilce":"HALKAPINAR"},{"id":579,"il_id":"42","ilce":"HÜYÜK"},{"id":580,"il_id":"42","ilce":"ILGIN"},{"id":581,"il_id":"42","ilce":"KADINHANI"},{"id":582,"il_id":"42","ilce":"KARAPINAR"},{"id":583,"il_id":"42","ilce":"KARATAY"},{"id":584,"il_id":"42","ilce":"KULU"},{"id":585,"il_id":"42","ilce":"MERAM"},{"id":586,"il_id":"42","ilce":"SARAYÖNÜ"},{"id":587,"il_id":"42","ilce":"SELÇUKLU"},{"id":588,"il_id":"42","ilce":"SEYDİŞEHİR"},{"id":589,"il_id":"42","ilce":"TAŞKENT"},{"id":590,"il_id":"42","ilce":"TUZLUKÇU"},{"id":591,"il_id":"42","ilce":"YALIHÜYÜK"},{"id":592,"il_id":"42","ilce":"YUNAK"},{"id":593,"il_id":"43","ilce":"ALTINTAŞ"},{"id":594,"il_id":"43","ilce":"ASLANAPA"},{"id":595,"il_id":"43","ilce":"ÇAVDARHİSAR"},{"id":596,"il_id":"43","ilce":"DOMANİÇ"},{"id":597,"il_id":"43","ilce":"DUMLUPINAR"},{"id":598,"il_id":"43","ilce":"EMET"},{"id":599,"il_id":"43","ilce":"GEDİZ"},{"id":600,"il_id":"43","ilce":"HİSARCIK"},{"id":601,"il_id":"43","ilce":"MERKEZ"},{"id":602,"il_id":"43","ilce":"PAZARLAR"},{"id":603,"il_id":"43","ilce":"SİMAV"},{"id":604,"il_id":"43","ilce":"ŞAPHANE"},{"id":605,"il_id":"43","ilce":"TAVŞANLI"},{"id":606,"il_id":"44","ilce":"AKÇADAĞ"},{"id":607,"il_id":"44","ilce":"ARAPGİR"},{"id":608,"il_id":"44","ilce":"ARGUVAN"},{"id":609,"il_id":"44","ilce":"BATTALGAZİ"},{"id":610,"il_id":"44","ilce":"DARENDE"},{"id":611,"il_id":"44","ilce":"DOĞANŞEHİR"},{"id":612,"il_id":"44","ilce":"DOĞANYOL"},{"id":613,"il_id":"44","ilce":"HEKİMHAN"},{"id":614,"il_id":"44","ilce":"KALE"},{"id":615,"il_id":"44","ilce":"KULUNCAK"},{"id":616,"il_id":"44","ilce":"PÜTÜRGE"},{"id":617,"il_id":"44","ilce":"YAZIHAN"},{"id":618,"il_id":"44","ilce":"YEŞİLYURT"},{"id":619,"il_id":"45","ilce":"AHMETLİ"},{"id":620,"il_id":"45","ilce":"AKHİSAR"},{"id":621,"il_id":"45","ilce":"ALAŞEHİR"},{"id":622,"il_id":"45","ilce":"DEMİRCİ"},{"id":623,"il_id":"45","ilce":"GÖLMARMARA"},{"id":624,"il_id":"45","ilce":"GÖRDES"},{"id":625,"il_id":"45","ilce":"KIRKAĞAÇ"},{"id":626,"il_id":"45","ilce":"KÖPRÜBAŞI"},{"id":627,"il_id":"45","ilce":"KULA"},{"id":628,"il_id":"45","ilce":"SALİHLİ"},{"id":629,"il_id":"45","ilce":"SARIGÖL"},{"id":630,"il_id":"45","ilce":"SARUHANLI"},{"id":631,"il_id":"45","ilce":"SELENDİ"},{"id":632,"il_id":"45","ilce":"SOMA"},{"id":633,"il_id":"45","ilce":"ŞEHZADELER"},{"id":634,"il_id":"45","ilce":"TURGUTLU"},{"id":635,"il_id":"45","ilce":"YUNUSEMRE"},{"id":636,"il_id":"46","ilce":"AFŞİN"},{"id":637,"il_id":"46","ilce":"ANDIRIN"},{"id":638,"il_id":"46","ilce":"ÇAĞLAYANCERİT"},{"id":639,"il_id":"46","ilce":"DULKADİROĞLU"},{"id":640,"il_id":"46","ilce":"EKİNÖZÜ"},{"id":641,"il_id":"46","ilce":"ELBİSTAN"},{"id":642,"il_id":"46","ilce":"GÖKSUN"},{"id":643,"il_id":"46","ilce":"NURHAK"},{"id":644,"il_id":"46","ilce":"ONİKİŞUBAT"},{"id":645,"il_id":"46","ilce":"PAZARCIK"},{"id":646,"il_id":"46","ilce":"TÜRKOĞLU"},{"id":647,"il_id":"47","ilce":"ARTUKLU"},{"id":648,"il_id":"47","ilce":"DARGEÇİT"},{"id":649,"il_id":"47","ilce":"DERİK"},{"id":650,"il_id":"47","ilce":"KIZILTEPE"},{"id":651,"il_id":"47","ilce":"MAZIDAĞI"},{"id":652,"il_id":"47","ilce":"MİDYAT"},{"id":653,"il_id":"47","ilce":"NUSAYBİN"},{"id":654,"il_id":"47","ilce":"ÖMERLİ"},{"id":655,"il_id":"47","ilce":"SAVUR"},{"id":656,"il_id":"47","ilce":"YEŞİLLİ"},{"id":657,"il_id":"48","ilce":"BODRUM"},{"id":658,"il_id":"48","ilce":"DALAMAN"},{"id":659,"il_id":"48","ilce":"DATÇA"},{"id":660,"il_id":"48","ilce":"FETHİYE"},{"id":661,"il_id":"48","ilce":"KAVAKLIDERE"},{"id":662,"il_id":"48","ilce":"KÖYCEĞİZ"},{"id":663,"il_id":"48","ilce":"MARMARİS"},{"id":664,"il_id":"48","ilce":"MENTEŞE"},{"id":665,"il_id":"48","ilce":"MİLAS"},{"id":666,"il_id":"48","ilce":"ORTACA"},{"id":667,"il_id":"48","ilce":"SEYDİKEMER"},{"id":668,"il_id":"48","ilce":"ULA"},{"id":669,"il_id":"48","ilce":"YATAĞAN"},{"id":670,"il_id":"49","ilce":"BULANIK"},{"id":671,"il_id":"49","ilce":"HASKÖY"},{"id":672,"il_id":"49","ilce":"KORKUT"},{"id":673,"il_id":"49","ilce":"MALAZGİRT"},{"id":674,"il_id":"49","ilce":"MERKEZ"},{"id":675,"il_id":"49","ilce":"VARTO"},{"id":676,"il_id":"50","ilce":"ACIGÖL"},{"id":677,"il_id":"50","ilce":"AVANOS"},{"id":678,"il_id":"50","ilce":"DERİNKUYU"},{"id":679,"il_id":"50","ilce":"GÜLŞEHİR"},{"id":680,"il_id":"50","ilce":"HACIBEKTAŞ"},{"id":681,"il_id":"50","ilce":"KOZAKLI"},{"id":682,"il_id":"50","ilce":"MERKEZ"},{"id":683,"il_id":"50","ilce":"ÜRGÜP"},{"id":684,"il_id":"51","ilce":"ALTUNHİSAR"},{"id":685,"il_id":"51","ilce":"BOR"},{"id":686,"il_id":"51","ilce":"ÇAMARDI"},{"id":687,"il_id":"51","ilce":"ÇİFTLİK"},{"id":688,"il_id":"51","ilce":"MERKEZ"},{"id":689,"il_id":"51","ilce":"ULUKIŞLA"},{"id":690,"il_id":"52","ilce":"AKKUŞ"},{"id":691,"il_id":"52","ilce":"ALTINORDU"},{"id":692,"il_id":"52","ilce":"AYBASTI"},{"id":693,"il_id":"52","ilce":"ÇAMAŞ"},{"id":694,"il_id":"52","ilce":"ÇATALPINAR"},{"id":695,"il_id":"52","ilce":"ÇAYBAŞI"},{"id":696,"il_id":"52","ilce":"FATSA"},{"id":697,"il_id":"52","ilce":"GÖLKÖY"},{"id":698,"il_id":"52","ilce":"GÜLYALI"},{"id":699,"il_id":"52","ilce":"GÜRGENTEPE"},{"id":700,"il_id":"52","ilce":"İKİZCE"},{"id":701,"il_id":"52","ilce":"KABADÜZ"},{"id":702,"il_id":"52","ilce":"KABATAŞ"},{"id":703,"il_id":"52","ilce":"KORGAN"},{"id":704,"il_id":"52","ilce":"KUMRU"},{"id":705,"il_id":"52","ilce":"MESUDİYE"},{"id":706,"il_id":"52","ilce":"PERŞEMBE"},{"id":707,"il_id":"52","ilce":"ULUBEY"},{"id":708,"il_id":"52","ilce":"ÜNYE"},{"id":709,"il_id":"53","ilce":"ARDEŞEN"},{"id":710,"il_id":"53","ilce":"ÇAMLIHEMŞİN"},{"id":711,"il_id":"53","ilce":"ÇAYELİ"},{"id":712,"il_id":"53","ilce":"DEREPAZARI"},{"id":713,"il_id":"53","ilce":"FINDIKLI"},{"id":714,"il_id":"53","ilce":"GÜNEYSU"},{"id":715,"il_id":"53","ilce":"HEMŞİN"},{"id":716,"il_id":"53","ilce":"İKİZDERE"},{"id":717,"il_id":"53","ilce":"İYİDERE"},{"id":718,"il_id":"53","ilce":"KALKANDERE"},{"id":719,"il_id":"53","ilce":"MERKEZ"},{"id":720,"il_id":"53","ilce":"PAZAR"},{"id":721,"il_id":"54","ilce":"ADAPAZARI"},{"id":722,"il_id":"54","ilce":"AKYAZI"},{"id":723,"il_id":"54","ilce":"ARİFİYE"},{"id":724,"il_id":"54","ilce":"ERENLER"},{"id":725,"il_id":"54","ilce":"FERİZLİ"},{"id":726,"il_id":"54","ilce":"GEYVE"},{"id":727,"il_id":"54","ilce":"HENDEK"},{"id":728,"il_id":"54","ilce":"KARAPÜRÇEK"},{"id":729,"il_id":"54","ilce":"KARASU"},{"id":730,"il_id":"54","ilce":"KAYNARCA"},{"id":731,"il_id":"54","ilce":"KOCAALİ"},{"id":732,"il_id":"54","ilce":"PAMUKOVA"},{"id":733,"il_id":"54","ilce":"SAPANCA"},{"id":734,"il_id":"54","ilce":"SERDİVAN"},{"id":735,"il_id":"54","ilce":"SÖĞÜTLÜ"},{"id":736,"il_id":"54","ilce":"TARAKLI"},{"id":737,"il_id":"55","ilce":"19 MAYIS"},{"id":738,"il_id":"55","ilce":"ALAÇAM"},{"id":739,"il_id":"55","ilce":"ASARCIK"},{"id":740,"il_id":"55","ilce":"ATAKUM"},{"id":741,"il_id":"55","ilce":"AYVACIK"},{"id":742,"il_id":"55","ilce":"BAFRA"},{"id":743,"il_id":"55","ilce":"CANİK"},{"id":744,"il_id":"55","ilce":"ÇARŞAMBA"},{"id":745,"il_id":"55","ilce":"HAVZA"},{"id":746,"il_id":"55","ilce":"İLKADIM"},{"id":747,"il_id":"55","ilce":"KAVAK"},{"id":748,"il_id":"55","ilce":"LADİK"},{"id":749,"il_id":"55","ilce":"SALIPAZARI"},{"id":750,"il_id":"55","ilce":"TEKKEKÖY"},{"id":751,"il_id":"55","ilce":"TERME"},{"id":752,"il_id":"55","ilce":"VEZİRKÖPRÜ"},{"id":753,"il_id":"55","ilce":"YAKAKENT"},{"id":754,"il_id":"56","ilce":"BAYKAN"},{"id":755,"il_id":"56","ilce":"ERUH"},{"id":756,"il_id":"56","ilce":"KURTALAN"},{"id":757,"il_id":"56","ilce":"MERKEZ"},{"id":758,"il_id":"56","ilce":"PERVARİ"},{"id":759,"il_id":"56","ilce":"ŞİRVAN"},{"id":760,"il_id":"56","ilce":"TİLLO"},{"id":761,"il_id":"57","ilce":"AYANCIK"},{"id":762,"il_id":"57","ilce":"BOYABAT"},{"id":763,"il_id":"57","ilce":"DİKMEN"},{"id":764,"il_id":"57","ilce":"DURAĞAN"},{"id":765,"il_id":"57","ilce":"ERFELEK"},{"id":766,"il_id":"57","ilce":"GERZE"},{"id":767,"il_id":"57","ilce":"MERKEZ"},{"id":768,"il_id":"57","ilce":"SARAYDÜZÜ"},{"id":769,"il_id":"57","ilce":"TÜRKELİ"},{"id":770,"il_id":"58","ilce":"AKINCILAR"},{"id":771,"il_id":"58","ilce":"ALTINYAYLA"},{"id":772,"il_id":"58","ilce":"DİVRİĞİ"},{"id":773,"il_id":"58","ilce":"DOĞANŞAR"},{"id":774,"il_id":"58","ilce":"GEMEREK"},{"id":775,"il_id":"58","ilce":"GÖLOVA"},{"id":776,"il_id":"58","ilce":"GÜRÜN"},{"id":777,"il_id":"58","ilce":"HAFİK"},{"id":778,"il_id":"58","ilce":"İMRANLI"},{"id":779,"il_id":"58","ilce":"KANGAL"},{"id":780,"il_id":"58","ilce":"KOYULHİSAR"},{"id":781,"il_id":"58","ilce":"MERKEZ"},{"id":782,"il_id":"58","ilce":"SUŞEHRİ"},{"id":783,"il_id":"58","ilce":"ŞARKIŞLA"},{"id":784,"il_id":"58","ilce":"ULAŞ"},{"id":785,"il_id":"58","ilce":"YILDIZELİ"},{"id":786,"il_id":"58","ilce":"ZARA"},{"id":787,"il_id":"59","ilce":"ÇERKEZKÖY"},{"id":788,"il_id":"59","ilce":"ÇORLU"},{"id":789,"il_id":"59","ilce":"ERGENE"},{"id":790,"il_id":"59","ilce":"HAYRABOLU"},{"id":791,"il_id":"59","ilce":"KAPAKLI"},{"id":792,"il_id":"59","ilce":"MALKARA"},{"id":793,"il_id":"59","ilce":"MARMARAEREĞLİSİ"},{"id":794,"il_id":"59","ilce":"MURATLI"},{"id":795,"il_id":"59","ilce":"SARAY"},{"id":796,"il_id":"59","ilce":"SÜLEYMANPAŞA"},{"id":797,"il_id":"59","ilce":"ŞARKÖY"},{"id":798,"il_id":"60","ilce":"ALMUS"},{"id":799,"il_id":"60","ilce":"ARTOVA"},{"id":800,"il_id":"60","ilce":"BAŞÇİFTLİK"},{"id":801,"il_id":"60","ilce":"ERBAA"},{"id":802,"il_id":"60","ilce":"MERKEZ"},{"id":803,"il_id":"60","ilce":"NİKSAR"},{"id":804,"il_id":"60","ilce":"PAZAR"},{"id":805,"il_id":"60","ilce":"REŞADİYE"},{"id":806,"il_id":"60","ilce":"SULUSARAY"},{"id":807,"il_id":"60","ilce":"TURHAL"},{"id":808,"il_id":"60","ilce":"YEŞİLYURT"},{"id":809,"il_id":"60","ilce":"ZİLE"},{"id":810,"il_id":"61","ilce":"AKÇAABAT"},{"id":811,"il_id":"61","ilce":"ARAKLI"},{"id":812,"il_id":"61","ilce":"ARSİN"},{"id":813,"il_id":"61","ilce":"BEŞİKDÜZÜ"},{"id":814,"il_id":"61","ilce":"ÇARŞIBAŞI"},{"id":815,"il_id":"61","ilce":"ÇAYKARA"},{"id":816,"il_id":"61","ilce":"DERNEKPAZARI"},{"id":817,"il_id":"61","ilce":"DÜZKÖY"},{"id":818,"il_id":"61","ilce":"HAYRAT"},{"id":819,"il_id":"61","ilce":"KÖPRÜBAŞI"},{"id":820,"il_id":"61","ilce":"MAÇKA"},{"id":821,"il_id":"61","ilce":"OF"},{"id":822,"il_id":"61","ilce":"ORTAHİSAR"},{"id":823,"il_id":"61","ilce":"SÜRMENE"},{"id":824,"il_id":"61","ilce":"ŞALPAZARI"},{"id":825,"il_id":"61","ilce":"TONYA"},{"id":826,"il_id":"61","ilce":"VAKFIKEBİR"},{"id":827,"il_id":"61","ilce":"YOMRA"},{"id":828,"il_id":"62","ilce":"ÇEMİŞGEZEK"},{"id":829,"il_id":"62","ilce":"HOZAT"},{"id":830,"il_id":"62","ilce":"MAZGİRT"},{"id":831,"il_id":"62","ilce":"MERKEZ"},{"id":832,"il_id":"62","ilce":"NAZIMİYE"},{"id":833,"il_id":"62","ilce":"OVACIK"},{"id":834,"il_id":"62","ilce":"PERTEK"},{"id":835,"il_id":"62","ilce":"PÜLÜMÜR"},{"id":836,"il_id":"63","ilce":"AKÇAKALE"},{"id":837,"il_id":"63","ilce":"BİRECİK"},{"id":838,"il_id":"63","ilce":"BOZOVA"},{"id":839,"il_id":"63","ilce":"CEYLANPINAR"},{"id":840,"il_id":"63","ilce":"EYYÜBİYE"},{"id":841,"il_id":"63","ilce":"HALFETİ"},{"id":842,"il_id":"63","ilce":"HALİLİYE"},{"id":843,"il_id":"63","ilce":"HARRAN"},{"id":844,"il_id":"63","ilce":"HİLVAN"},{"id":845,"il_id":"63","ilce":"KARAKÖPRÜ"},{"id":846,"il_id":"63","ilce":"SİVEREK"},{"id":847,"il_id":"63","ilce":"SURUÇ"},{"id":848,"il_id":"63","ilce":"VİRANŞEHİR"},{"id":849,"il_id":"64","ilce":"BANAZ"},{"id":850,"il_id":"64","ilce":"EŞME"},{"id":851,"il_id":"64","ilce":"KARAHALLI"},{"id":852,"il_id":"64","ilce":"MERKEZ"},{"id":853,"il_id":"64","ilce":"SİVASLI"},{"id":854,"il_id":"64","ilce":"ULUBEY"},{"id":855,"il_id":"65","ilce":"BAHÇESARAY"},{"id":856,"il_id":"65","ilce":"BAŞKALE"},{"id":857,"il_id":"65","ilce":"ÇALDIRAN"},{"id":858,"il_id":"65","ilce":"ÇATAK"},{"id":859,"il_id":"65","ilce":"EDREMİT"},{"id":860,"il_id":"65","ilce":"ERCİŞ"},{"id":861,"il_id":"65","ilce":"GEVAŞ"},{"id":862,"il_id":"65","ilce":"GÜRPINAR"},{"id":863,"il_id":"65","ilce":"İPEKYOLU"},{"id":864,"il_id":"65","ilce":"MURADİYE"},{"id":865,"il_id":"65","ilce":"ÖZALP"},{"id":866,"il_id":"65","ilce":"SARAY"},{"id":867,"il_id":"65","ilce":"TUŞBA"},{"id":868,"il_id":"66","ilce":"AKDAĞMADENİ"},{"id":869,"il_id":"66","ilce":"AYDINCIK"},{"id":870,"il_id":"66","ilce":"BOĞAZLIYAN"},{"id":871,"il_id":"66","ilce":"ÇANDIR"},{"id":872,"il_id":"66","ilce":"ÇAYIRALAN"},{"id":873,"il_id":"66","ilce":"ÇEKEREK"},{"id":874,"il_id":"66","ilce":"KADIŞEHRİ"},{"id":875,"il_id":"66","ilce":"MERKEZ"},{"id":876,"il_id":"66","ilce":"SARAYKENT"},{"id":877,"il_id":"66","ilce":"SARIKAYA"},{"id":878,"il_id":"66","ilce":"SORGUN"},{"id":879,"il_id":"66","ilce":"ŞEFAATLİ"},{"id":880,"il_id":"66","ilce":"YENİFAKILI"},{"id":881,"il_id":"66","ilce":"YERKÖY"},{"id":882,"il_id":"67","ilce":"ALAPLI"},{"id":883,"il_id":"67","ilce":"ÇAYCUMA"},{"id":884,"il_id":"67","ilce":"DEVREK"},{"id":885,"il_id":"67","ilce":"EREĞLİ"},{"id":886,"il_id":"67","ilce":"GÖKÇEBEY"},{"id":887,"il_id":"67","ilce":"KİLİMLİ"},{"id":888,"il_id":"67","ilce":"KOZLU"},{"id":889,"il_id":"67","ilce":"MERKEZ"},{"id":890,"il_id":"68","ilce":"AĞAÇÖREN"},{"id":891,"il_id":"68","ilce":"ESKİL"},{"id":892,"il_id":"68","ilce":"GÜLAĞAÇ"},{"id":893,"il_id":"68","ilce":"GÜZELYURT"},{"id":894,"il_id":"68","ilce":"MERKEZ"},{"id":895,"il_id":"68","ilce":"ORTAKÖY"},{"id":896,"il_id":"68","ilce":"SARIYAHŞİ"},{"id":897,"il_id":"68","ilce":"SULTANHANI"},{"id":898,"il_id":"69","ilce":"AYDINTEPE"},{"id":899,"il_id":"69","ilce":"DEMİRÖZÜ"},{"id":900,"il_id":"69","ilce":"MERKEZ"},{"id":901,"il_id":"70","ilce":"AYRANCI"},{"id":902,"il_id":"70","ilce":"BAŞYAYLA"},{"id":903,"il_id":"70","ilce":"ERMENEK"},{"id":904,"il_id":"70","ilce":"KAZIMKARABEKİR"},{"id":905,"il_id":"70","ilce":"MERKEZ"},{"id":906,"il_id":"70","ilce":"SARIVELİLER"},{"id":907,"il_id":"71","ilce":"BAHŞILI"},{"id":908,"il_id":"71","ilce":"BALIŞEYH"},{"id":909,"il_id":"71","ilce":"ÇELEBİ"},{"id":910,"il_id":"71","ilce":"DELİCE"},{"id":911,"il_id":"71","ilce":"KARAKEÇİLİ"},{"id":912,"il_id":"71","ilce":"KESKİN"},{"id":913,"il_id":"71","ilce":"MERKEZ"},{"id":914,"il_id":"71","ilce":"SULAKYURT"},{"id":915,"il_id":"71","ilce":"YAHŞİHAN"},{"id":916,"il_id":"72","ilce":"BEŞİRİ"},{"id":917,"il_id":"72","ilce":"GERCÜŞ"},{"id":918,"il_id":"72","ilce":"HASANKEYF"},{"id":919,"il_id":"72","ilce":"KOZLUK"},{"id":920,"il_id":"72","ilce":"MERKEZ"},{"id":921,"il_id":"72","ilce":"SASON"},{"id":922,"il_id":"73","ilce":"BEYTÜŞŞEBAP"},{"id":923,"il_id":"73","ilce":"CİZRE"},{"id":924,"il_id":"73","ilce":"GÜÇLÜKONAK"},{"id":925,"il_id":"73","ilce":"İDİL"},{"id":926,"il_id":"73","ilce":"MERKEZ"},{"id":927,"il_id":"73","ilce":"SİLOPİ"},{"id":928,"il_id":"73","ilce":"ULUDERE"},{"id":929,"il_id":"74","ilce":"AMASRA"},{"id":930,"il_id":"74","ilce":"KURUCAŞİLE"},{"id":931,"il_id":"74","ilce":"MERKEZ"},{"id":932,"il_id":"74","ilce":"ULUS"},{"id":933,"il_id":"75","ilce":"ÇILDIR"},{"id":934,"il_id":"75","ilce":"DAMAL"},{"id":935,"il_id":"75","ilce":"GÖLE"},{"id":936,"il_id":"75","ilce":"HANAK"},{"id":937,"il_id":"75","ilce":"MERKEZ"},{"id":938,"il_id":"75","ilce":"POSOF"},{"id":939,"il_id":"76","ilce":"ARALIK"},{"id":940,"il_id":"76","ilce":"KARAKOYUNLU"},{"id":941,"il_id":"76","ilce":"MERKEZ"},{"id":942,"il_id":"76","ilce":"TUZLUCA"},{"id":943,"il_id":"77","ilce":"ALTINOVA"},{"id":944,"il_id":"77","ilce":"ARMUTLU"},{"id":945,"il_id":"77","ilce":"ÇINARCIK"},{"id":946,"il_id":"77","ilce":"ÇİFTLİKKÖY"},{"id":947,"il_id":"77","ilce":"MERKEZ"},{"id":948,"il_id":"77","ilce":"TERMAL"},{"id":949,"il_id":"78","ilce":"EFLANİ"},{"id":950,"il_id":"78","ilce":"ESKİPAZAR"},{"id":951,"il_id":"78","ilce":"MERKEZ"},{"id":952,"il_id":"78","ilce":"OVACIK"},{"id":953,"il_id":"78","ilce":"SAFRANBOLU"},{"id":954,"il_id":"78","ilce":"YENİCE"},{"id":955,"il_id":"79","ilce":"ELBEYLİ"},{"id":956,"il_id":"79","ilce":"MERKEZ"},{"id":957,"il_id":"79","ilce":"MUSABEYLİ"},{"id":958,"il_id":"79","ilce":"POLATELİ"},{"id":959,"il_id":"80","ilce":"BAHÇE"},{"id":960,"il_id":"80","ilce":"DÜZİÇİ"},{"id":961,"il_id":"80","ilce":"HASANBEYLİ"},{"id":962,"il_id":"80","ilce":"KADİRLİ"},{"id":963,"il_id":"80","ilce":"MERKEZ"},{"id":964,"il_id":"80","ilce":"SUMBAS"},{"id":965,"il_id":"80","ilce":"TOPRAKKALE"},{"id":966,"il_id":"81","ilce":"AKÇAKOCA"},{"id":967,"il_id":"81","ilce":"CUMAYERİ"},{"id":968,"il_id":"81","ilce":"ÇİLİMLİ"},{"id":969,"il_id":"81","ilce":"GÖLYAKA"},{"id":970,"il_id":"81","ilce":"GÜMÜŞOVA"},{"id":971,"il_id":"81","ilce":"KAYNAŞLI"},{"id":972,"il_id":"81","ilce":"MERKEZ"},{"id":973,"il_id":"81","ilce":"YIĞILCA"}]