[{"id":"1","il":"ADANA"},{"id":"2","il":"ADIYAMAN"},{"id":"3","il":"AFYONKARAHİSAR"},{"id":"4","il":"AĞRI"},{"id":"5","il":"AMASYA"},{"id":"6","il":"ANKARA"},{"id":"7","il":"ANTALYA"},{"id":"8","il":"ARTVİN"},{"id":"9","il":"AYDIN"},{"id":"10","il":"BALIKESİR"},{"id":"11","il":"BİLECİK"},{"id":"12","il":"BİNGÖL"},{"id":"13","il":"BİTLİS"},{"id":"14","il":"BOLU"},{"id":"15","il":"BURDUR"},{"id":"16","il":"BURSA"},{"id":"17","il":"ÇANAKKALE"},{"id":"18","il":"ÇANKIRI"},{"id":"19","il":"ÇORUM"},{"id":"20","il":"DENİZLİ"},{"id":"21","il":"DİYARBAKIR"},{"id":"22","il":"EDİRNE"},{"id":"23","il":"ELAZIĞ"},{"id":"24","il":"ERZİNCAN"},{"id":"25","il":"ERZURUM"},{"id":"26","il":"ESKİŞEHİR"},{"id":"27","il":"GAZİANTEP"},{"id":"28","il":"GİRESUN"},{"id":"29","il":"GÜMÜŞHANE"},{"id":"30","il":"HAKKARİ"},{"id":"31","il":"HATAY"},{"id":"32","il":"ISPARTA"},{"id":"33","il":"MERSİN"},{"id":"34","il":"İSTANBUL"},{"id":"35","il":"İZMİR"},{"id":"36","il":"KARS"},{"id":"37","il":"KASTAMONU"},{"id":"38","il":"KAYSERİ"},{"id":"39","il":"KIRKLARELİ"},{"id":"40","il":"KIRŞEHİR"},{"id":"41","il":"KOCAELİ"},{"id":"42","il":"KONYA"},{"id":"43","il":"KÜTAHYA"},{"id":"44","il":"MALATYA"},{"id":"45","il":"MANİSA"},{"id":"46","il":"KAHRAMANMARAŞ"},{"id":"47","il":"MARDİN"},{"id":"48","il":"MUĞLA"},{"id":"49","il":"MUŞ"},{"id":"50","il":"NEVŞEHİR"},{"id":"51","il":"NİĞDE"},{"id":"52","il":"ORDU"},{"id":"53","il":"RİZE"},{"id":"54","il":"SAKARYA"},{"id":"55","il":"SAMSUN"},{"id":"56","il":"SİİRT"},{"id":"57","il":"SİNOP"},{"id":"58","il":"SİVAS"},{"id":"59","il":"TEKİRDAĞ"},{"id":"60","il":"TOKAT"},{"id":"61","il":"TRABZON"},{"id":"62","il":"TUNCELİ"},{"id":"63","il":"ŞANLIURFA"},{"id":"64","il":"UŞAK"},{"id":"65","il":"VAN"},{"id":"66","il":"YOZGAT"},{"id":"67","il":"ZONGULDAK"},{"id":"68","il":"AKSARAY"},{"id":"69","il":"BAYBURT"},{"id":"70","il":"KARAMAN"},{"id":"71","il":"KIRIKKALE"},{"id":"72","il":"BATMAN"},{"id":"73","il":"ŞIRNAK"},{"id":"74","il":"BARTIN"},{"id":"75","il":"ARDAHAN"},{"id":"76","il":"IĞDIR"},{"id":"77","il":"YALOVA"},{"id":"78","il":"KARABÜK"},{"id":"79","il":"KİLİS"},{"id":"80","il":"OSMANİYE"},{"id":"81","il":"DÜZCE"}]